{
    "name": "root",
    "gauges": {
        "MyBehavior.Policy.Entropy.mean": {
            "value": 1.4117728471755981,
            "min": 1.4117728471755981,
            "max": 1.419222354888916,
            "count": 7
        },
        "MyBehavior.Policy.ExtrinsicValueEstimate.mean": {
            "value": -8.396166801452637,
            "min": -23.03941535949707,
            "max": -8.396166801452637,
            "count": 7
        },
        "MyBehavior.Environment.EpisodeLength.mean": {
            "value": 50.80685358255452,
            "min": 50.80685358255452,
            "max": 56.241695303550976,
            "count": 7
        },
        "MyBehavior.Environment.CumulativeReward.mean": {
            "value": -9.327426302482479,
            "min": -9.75077491353272,
            "max": -9.205141996524551,
            "count": 7
        },
        "MyBehavior.Policy.ExtrinsicReward.mean": {
            "value": -9.327426302482479,
            "min": -9.75077491353272,
            "max": -9.205141996524551,
            "count": 7
        },
        "MyBehavior.Losses.PolicyLoss.mean": {
            "value": 0.021309989209726155,
            "min": 0.021309989209726155,
            "max": 0.026872645017586665,
            "count": 7
        },
        "MyBehavior.Losses.ValueLoss.mean": {
            "value": 3.1844137859344483,
            "min": 3.1844137859344483,
            "max": 80.37084379196166,
            "count": 7
        },
        "MyBehavior.Policy.LearningRate.mean": {
            "value": 0.00010279278573576,
            "min": 0.00010279278573576,
            "max": 0.00028460955513015,
            "count": 7
        },
        "MyBehavior.Policy.Epsilon.mean": {
            "value": 0.13426424000000003,
            "min": 0.13426424000000003,
            "max": 0.19486985,
            "count": 7
        },
        "MyBehavior.Policy.Beta.mean": {
            "value": 0.0017197855760000002,
            "min": 0.0017197855760000002,
            "max": 0.004744005515,
            "count": 7
        },
        "MyBehavior.IsTraining.mean": {
            "value": 1.0,
            "min": 1.0,
            "max": 1.0,
            "count": 7
        }
    },
    "metadata": {
        "timer_format_version": "0.1.0",
        "start_time_seconds": "1612241422",
        "python_version": "3.7.9 (tags/v3.7.9:13c94747c7, Aug 17 2020, 18:58:18) [MSC v.1900 64 bit (AMD64)]",
        "command_line_arguments": "C:\\Users\\vlalo\\AppData\\Local\\Programs\\Python\\Python37\\Scripts\\mlagents-learn --run-id=ScoreGoal0 --force",
        "mlagents_version": "0.23.0",
        "mlagents_envs_version": "0.23.0",
        "communication_protocol_version": "1.3.0",
        "pytorch_version": "1.7.1+cu110",
        "numpy_version": "1.18.5",
        "end_time_seconds": "1612243062"
    },
    "total": 1640.0610164,
    "count": 1,
    "self": 0.002481299999772091,
    "children": {
        "run_training.setup": {
            "total": 0.005215200000000086,
            "count": 1,
            "self": 0.005215200000000086
        },
        "TrainerController.start_learning": {
            "total": 1640.0533199000001,
            "count": 1,
            "self": 6.267294100032814,
            "children": {
                "TrainerController._reset_env": {
                    "total": 4.8208554,
                    "count": 1,
                    "self": 4.8208554
                },
                "TrainerController.advance": {
                    "total": 1628.9004136999674,
                    "count": 384684,
                    "self": 3.2387228999666604,
                    "children": {
                        "env_step": {
                            "total": 1625.6616908000008,
                            "count": 384684,
                            "self": 1401.8917206999686,
                            "children": {
                                "SubprocessEnvManager._take_step": {
                                    "total": 220.0814125999998,
                                    "count": 384684,
                                    "self": 13.652277799978236,
                                    "children": {
                                        "TorchPolicy.evaluate": {
                                            "total": 206.42913480002156,
                                            "count": 379084,
                                            "self": 44.356091200038065,
                                            "children": {
                                                "TorchPolicy.sample_actions": {
                                                    "total": 162.0730435999835,
                                                    "count": 379084,
                                                    "self": 162.0730435999835
                                                }
                                            }
                                        }
                                    }
                                },
                                "workers": {
                                    "total": 3.6885575000323234,
                                    "count": 384683,
                                    "self": 0.0,
                                    "children": {
                                        "worker_root": {
                                            "total": 1629.5769156999995,
                                            "count": 384683,
                                            "is_parallel": true,
                                            "self": 450.4515129999345,
                                            "children": {
                                                "steps_from_proto": {
                                                    "total": 0.0002145000000002284,
                                                    "count": 1,
                                                    "is_parallel": true,
                                                    "self": 5.940000000048684e-05,
                                                    "children": {
                                                        "_process_vector_observation": {
                                                            "total": 0.00015509999999974156,
                                                            "count": 2,
                                                            "is_parallel": true,
                                                            "self": 0.00015509999999974156
                                                        }
                                                    }
                                                },
                                                "UnityEnvironment.step": {
                                                    "total": 1179.125188200065,
                                                    "count": 384683,
                                                    "is_parallel": true,
                                                    "self": 17.67388290010649,
                                                    "children": {
                                                        "UnityEnvironment._generate_step_input": {
                                                            "total": 15.096892299989433,
                                                            "count": 384683,
                                                            "is_parallel": true,
                                                            "self": 15.096892299989433
                                                        },
                                                        "communicator.exchange": {
                                                            "total": 1108.5295585999786,
                                                            "count": 384683,
                                                            "is_parallel": true,