{
    "name": "root",
    "gauges": {
        "MyBehavior.Policy.Entropy.mean": {
            "value": 1.415666937828064,
            "min": 1.415666937828064,
            "max": 1.4205067157745361,
            "count": 3
        },
        "MyBehavior.Environment.EpisodeLength.mean": {
            "value": 10.364339322265181,
            "min": 10.364339322265181,
            "max": 40.94444444444444,
            "count": 3
        },
        "MyBehavior.Policy.ExtrinsicValueEstimate.mean": {
            "value": 1.5653163194656372,
            "min": 1.5653163194656372,
            "max": 3.9125072956085205,
            "count": 3
        },
        "MyBehavior.Environment.CumulativeReward.mean": {
            "value": -0.4633049225845146,
            "min": -0.6258946453983133,
            "max": -0.4633049225845146,
            "count": 3
        },
        "MyBehavior.Policy.ExtrinsicReward.mean": {
            "value": -0.4633049225845146,
            "min": -0.6258946453983133,
            "max": -0.4633049225845146,
            "count": 3
        },
        "MyBehavior.Losses.PolicyLoss.mean": {
            "value": 0.025893073161132634,
            "min": 0.023993220007978378,
            "max": 0.03809561206047268,
            "count": 3
        },
        "MyBehavior.Losses.ValueLoss.mean": {
            "value": 6.332304374376932,
            "min": 6.332304374376932,
            "max": 17.087729191780088,
            "count": 3
        },
        "MyBehavior.Policy.LearningRate.mean": {
            "value": 0.00022619750460084004,
            "min": 0.00022619750460084004,
            "max": 0.00028461345512884994,
            "count": 3
        },
        "MyBehavior.Policy.Epsilon.mean": {
            "value": 0.17539915999999994,
            "min": 0.17539915999999994,
            "max": 0.19487115000000002,
            "count": 3
        },
        "MyBehavior.Policy.Beta.mean": {
            "value": 0.003772418084,
            "min": 0.003772418084,
            "max": 0.004744070385,
            "count": 3
        },
        "MyBehavior.IsTraining.mean": {
            "value": 1.0,
            "min": 1.0,
            "max": 1.0,
            "count": 3
        }
    },
    "metadata": {
        "timer_format_version": "0.1.0",
        "start_time_seconds": "1612245753",
        "python_version": "3.7.9 (tags/v3.7.9:13c94747c7, Aug 17 2020, 18:58:18) [MSC v.1900 64 bit (AMD64)]",
        "command_line_arguments": "C:\\Users\\vlalo\\AppData\\Local\\Programs\\Python\\Python37\\Scripts\\mlagents-learn --run-id=ScoreGoal3 --force",
        "mlagents_version": "0.23.0",
        "mlagents_envs_version": "0.23.0",
        "communication_protocol_version": "1.3.0",
        "pytorch_version": "1.7.1+cu110",
        "numpy_version": "1.18.5",
        "end_time_seconds": "1612246608"
    },
    "total": 855.2629165,
    "count": 1,
    "self": 0.002483799999936309,
    "children": {
        "run_training.setup": {
            "total": 0.005171399999999937,
            "count": 1,
            "self": 0.005171399999999937
        },
        "TrainerController.start_learning": {
            "total": 855.2552613,
            "count": 1,
            "self": 3.23448929999563,
            "children": {
                "TrainerController._reset_env": {
                    "total": 5.0782248,
                    "count": 1,
                    "self": 5.0782248
                },
                "TrainerController.advance": {
                    "total": 846.8781154000043,
                    "count": 204603,
                    "self": 1.6692204000070205,
                    "children": {
                        "env_step": {
                            "total": 845.2088949999973,
                            "count": 204603,
                            "self": 728.6919526999795,
                            "children": {
                                "SubprocessEnvManager._take_step": {
                                    "total": 114.65626810000002,
                                    "count": 204603,
                                    "self": 6.8852418999983485,
                                    "children": {
                                        "TorchPolicy.evaluate": {
                                            "total": 107.77102620000167,
                                            "count": 193994,
                                            "self": 22.952800800018665,
                                            "children": {
                                                "TorchPolicy.sample_actions": {
                                                    "total": 84.818225399983,
                                                    "count": 193994,
                                                    "self": 84.818225399983
                                                }
                                            }
                                        }
                                    }
                                },
                                "workers": {
                                    "total": 1.8606742000176961,
                                    "count": 204602,
                                    "self": 0.0,
                                    "children": {
                                        "worker_root": {
                                            "total": 847.1198756999912,
                                            "count": 204602,
                                            "is_parallel": true,
                                            "self": 234.6641604999835,
                                            "children": {
                                                "steps_from_proto": {
                                                    "total": 0.0002035000000004672,
                                                    "count": 1,
                                                    "is_parallel": true,
                                                    "self": 5.7400000000207285e-05,
                                                    "children": {
                                                        "_process_vector_observation": {
                                                            "total": 0.0001461000000002599,
                                                            "count": 2,
                                                            "is_parallel": true,
                                                            "self": 0.0001461000000002599
                                                        }
                                                    }
                                                },
                                                "UnityEnvironment.step": {
                                                    "total": 612.4555117000077,
                                                    "count": 204602,
                                                    "is_parallel": true,
                                                    "self": 9.77971790000447,
                                                    "children": {
                                                        "UnityEnvironment._generate_step_input": {
                                                            "total": 7.628621199981111,
                                                            "count": 204602,
                                                            "is_parallel": true,
                                                            "self": 7.628621199981111
                                                        },
                                                        "communicator.exchange": {
                                                            "total": 574.190439800014,
                                                            "count": 204602,
                                                            "is_parallel": true,