{"cameraMode":{"drawMode":0,"name":"Shaded","section":"Shading Mode"},"sceneLighting":false,"audioPlay":false,"sceneViewState":{"showFog":true,"showMaterialUpdate":true,"showSkybox":false,"showFlares":true,"showImageEffects":true,"showParticleSystems":true,"showVisualEffectGraphs":true,"m_FxEnabled":false},"in2DMode":false,"pivot":{"x":0.0024220943450927736,"y":0.06297540664672852,"z":0.9483960270881653},"rotation":{"x":-0.1252020001411438,"y":0.7540591955184937,"z":0.6269326210021973,"w":0.15058781206607819},"size":5.033690929412842,"orthographic":true}