{
    "name": "root",
    "gauges": {
        "MyBehavior.Policy.Entropy.mean": {
            "value": 1.4307061433792114,
            "min": 1.4225188493728638,
            "max": 1.4307061433792114,
            "count": 2
        },
        "MyBehavior.Environment.EpisodeLength.mean": {
            "value": 3.69662815816662,
            "min": 3.6529340649121176,
            "max": 3.69662815816662,
            "count": 2
        },
        "MyBehavior.Policy.ExtrinsicValueEstimate.mean": {
            "value": 2.3161799907684326,
            "min": 2.3161799907684326,
            "max": 81.90145874023438,
            "count": 2
        },
        "MyBehavior.Environment.CumulativeReward.mean": {
            "value": -1.0,
            "min": -1.0,
            "max": -0.9992553983618764,
            "count": 2
        },
        "MyBehavior.Policy.ExtrinsicReward.mean": {
            "value": -1.0,
            "min": -1.0,
            "max": -0.9992553983618764,
            "count": 2
        },
        "MyBehavior.Losses.PolicyLoss.mean": {
            "value": 0.04648184506610657,
            "min": 0.04648184506610657,
            "max": 0.1566182305648302,
            "count": 2
        },
        "MyBehavior.Losses.ValueLoss.mean": {
            "value": 40.814023640950516,
            "min": 40.814023640950516,
            "max": 17691.486333465575,
            "count": 2
        },
        "MyBehavior.Policy.LearningRate.mean": {
            "value": 0.0002568634943788399,
            "min": 0.0002568634943788399,
            "max": 0.000284607005131,
            "count": 2
        },
        "MyBehavior.Policy.Epsilon.mean": {
            "value": 0.18562116,
            "min": 0.18562116,
            "max": 0.19486900000000001,
            "count": 2
        },
        "MyBehavior.Policy.Beta.mean": {
            "value": 0.004282495884000001,
            "min": 0.004282495884000001,
            "max": 0.0047439631,
            "count": 2
        },
        "MyBehavior.IsTraining.mean": {
            "value": 1.0,
            "min": 1.0,
            "max": 1.0,
            "count": 2
        }
    },
    "metadata": {
        "timer_format_version": "0.1.0",
        "start_time_seconds": "1612229147",
        "python_version": "3.7.9 (tags/v3.7.9:13c94747c7, Aug 17 2020, 18:58:18) [MSC v.1900 64 bit (AMD64)]",
        "command_line_arguments": "C:\\Users\\vlalo\\AppData\\Local\\Programs\\Python\\Python37\\Scripts\\mlagents-learn --force",
        "mlagents_version": "0.23.0",
        "mlagents_envs_version": "0.23.0",
        "communication_protocol_version": "1.3.0",
        "pytorch_version": "1.7.1+cu110",
        "numpy_version": "1.18.5",
        "end_time_seconds": "1612229228"
    },
    "total": 81.5559165,
    "count": 1,
    "self": 0.0026433999999966318,
    "children": {
        "run_training.setup": {
            "total": 0.005266100000000051,
            "count": 1,
            "self": 0.005266100000000051
        },
        "TrainerController.start_learning": {
            "total": 81.548007,
            "count": 1,
            "self": 0.15045669999950917,
            "children": {
                "TrainerController._reset_env": {
                    "total": 5.1500846,
                    "count": 1,
                    "self": 5.1500846
                },
                "TrainerController.advance": {
                    "total": 76.18348690000049,
                    "count": 9231,
                    "self": 0.08168390000035686,
                    "children": {
                        "env_step": {
                            "total": 76.10180300000013,
                            "count": 9231,
                            "self": 64.80615790000078,
                            "children": {
                                "SubprocessEnvManager._take_step": {
                                    "total": 11.207120499999727,
                                    "count": 9231,
                                    "self": 0.3243388999994199,
                                    "children": {
                                        "TorchPolicy.evaluate": {
                                            "total": 10.882781600000307,
                                            "count": 7207,
                                            "self": 1.374802500000328,
                                            "children": {
                                                "TorchPolicy.sample_actions": {
                                                    "total": 9.507979099999979,
                                                    "count": 7207,
                                                    "self": 9.507979099999979
                                                }
                                            }
                                        }
                                    }
                                },
                                "workers": {
                                    "total": 0.0885245999996167,
                                    "count": 9230,
                                    "self": 0.0,
                                    "children": {
                                        "worker_root": {
                                            "total": 76.17330920000047,
                                            "count": 9230,
                                            "is_parallel": true,
                                            "self": 32.28735020000066,
                                            "children": {
                                                "steps_from_proto": {
                                                    "total": 0.00038349999999987006,
                                                    "count": 1,
                                                    "is_parallel": true,
                                                    "self": 8.389999999902642e-05,
                                                    "children": {
                                                        "_process_vector_observation": {
                                                            "total": 0.00029960000000084364,
                                                            "count": 2,
                                                            "is_parallel": true,
                                                            "self": 0.00029960000000084364
                                                        }
                                                    }
                                                },
                                                "UnityEnvironment.step": {
                                                    "total": 43.88557549999982,
                                                    "count": 9230,
                                                    "is_parallel": true,
                                                    "self": 0.8605564999999231,
                                                    "children": {
                                                        "UnityEnvironment._generate_step_input": {
                                                            "total": 1.7465213000000883,
                                                            "count": 9230,
                                                            "is_parallel": true,
                                                            "self": 1.7465213000000883
                                                        },
                                                        "communicator.exchange": {
                                                            "total": 39.19198990000015,
                                                            "count": 9230,
                                                            "is_parallel": true,