{
    "name": "root",
    "gauges": {
        "MyBehavior.Policy.Entropy.mean": {
            "value": 1.4200671911239624,
            "min": 1.4200671911239624,
            "max": 1.4206936359405518,
            "count": 3
        },
        "MyBehavior.Environment.EpisodeLength.mean": {
            "value": 59.80923450789793,
            "min": 58.32304038004751,
            "max": 59.80923450789793,
            "count": 3
        },
        "MyBehavior.Policy.ExtrinsicValueEstimate.mean": {
            "value": 1.8542096614837646,
            "min": 1.8542096614837646,
            "max": 10.813310623168945,
            "count": 3
        },
        "MyBehavior.Environment.CumulativeReward.mean": {
            "value": -0.3010935600335514,
            "min": -0.3396674582553306,
            "max": -0.2879807690445047,
            "count": 3
        },
        "MyBehavior.Policy.ExtrinsicReward.mean": {
            "value": -0.3010935600335514,
            "min": -0.3396674582553306,
            "max": -0.2879807690445047,
            "count": 3
        },
        "MyBehavior.Losses.PolicyLoss.mean": {
            "value": 0.02432094328415891,
            "min": 0.022337062644655813,
            "max": 0.02895530674722977,
            "count": 3
        },
        "MyBehavior.Losses.ValueLoss.mean": {
            "value": 3.595430040359497,
            "min": 3.595430040359497,
            "max": 63.30498167673746,
            "count": 3
        },
        "MyBehavior.Policy.LearningRate.mean": {
            "value": 0.00022612598462468,
            "min": 0.00022612598462468,
            "max": 0.00028460580513140003,
            "count": 3
        },
        "MyBehavior.Policy.Epsilon.mean": {
            "value": 0.17537532000000003,
            "min": 0.17537532000000003,
            "max": 0.1948686,
            "count": 3
        },
        "MyBehavior.Policy.Beta.mean": {
            "value": 0.0037712284680000005,
            "min": 0.0037712284680000005,
            "max": 0.00474394314,
            "count": 3
        },
        "MyBehavior.IsTraining.mean": {
            "value": 1.0,
            "min": 1.0,
            "max": 1.0,
            "count": 3
        }
    },
    "metadata": {
        "timer_format_version": "0.1.0",
        "start_time_seconds": "1612243752",
        "python_version": "3.7.9 (tags/v3.7.9:13c94747c7, Aug 17 2020, 18:58:18) [MSC v.1900 64 bit (AMD64)]",
        "command_line_arguments": "C:\\Users\\vlalo\\AppData\\Local\\Programs\\Python\\Python37\\Scripts\\mlagents-learn --run-id=ScoreGoal2 --force",
        "mlagents_version": "0.23.0",
        "mlagents_envs_version": "0.23.0",
        "communication_protocol_version": "1.3.0",
        "pytorch_version": "1.7.1+cu110",
        "numpy_version": "1.18.5",
        "end_time_seconds": "1612244514"
    },
    "total": 761.5576559,
    "count": 1,
    "self": 0.002667099999939637,
    "children": {
        "run_training.setup": {
            "total": 0.00558790000000009,
            "count": 1,
            "self": 0.00558790000000009
        },
        "TrainerController.start_learning": {
            "total": 761.5494009,
            "count": 1,
            "self": 2.7560866000118267,
            "children": {
                "TrainerController._reset_env": {
                    "total": 4.9620222,
                    "count": 1,
                    "self": 4.9620222
                },
                "TrainerController.advance": {
                    "total": 753.7658807999884,
                    "count": 173735,
                    "self": 1.4451021999802833,
                    "children": {
                        "env_step": {
                            "total": 752.3207786000081,
                            "count": 173735,
                            "self": 652.6822075000076,
                            "children": {
                                "SubprocessEnvManager._take_step": {
                                    "total": 98.03907759999456,
                                    "count": 173735,
                                    "self": 6.05986899999435,
                                    "children": {
                                        "TorchPolicy.evaluate": {
                                            "total": 91.9792086000002,
                                            "count": 171481,
                                            "self": 19.894681200003333,
                                            "children": {
                                                "TorchPolicy.sample_actions": {
                                                    "total": 72.08452739999687,
                                                    "count": 171481,
                                                    "self": 72.08452739999687
                                                }
                                            }
                                        }
                                    }
                                },
                                "workers": {
                                    "total": 1.59949350000596,
                                    "count": 173734,
                                    "self": 0.0,
                                    "children": {
                                        "worker_root": {
                                            "total": 753.6477328999971,
                                            "count": 173734,
                                            "is_parallel": true,
                                            "self": 201.1925058999957,
                                            "children": {
                                                "steps_from_proto": {
                                                    "total": 0.00022959999999994096,
                                                    "count": 1,
                                                    "is_parallel": true,
                                                    "self": 7.239999999963942e-05,
                                                    "children": {
                                                        "_process_vector_observation": {
                                                            "total": 0.00015720000000030154,
                                                            "count": 2,
                                                            "is_parallel": true,
                                                            "self": 0.00015720000000030154
                                                        }
                                                    }
                                                },
                                                "UnityEnvironment.step": {
                                                    "total": 552.4549974000014,
                                                    "count": 173734,
                                                    "is_parallel": true,
                                                    "self": 8.513906700006146,
                                                    "children": {
                                                        "UnityEnvironment._generate_step_input": {
                                                            "total": 6.962002899996947,
                                                            "count": 173734,
                                                            "is_parallel": true,
                                                            "self": 6.962002899996947
                                                        },
                                                        "communicator.exchange": {
                                                            "total": 519.2646507999957,
                                                            "count": 173734,
                                                            "is_parallel": true,